"DAFTAR INVENTARIS PERALATAN MEDIS DAN NON MEDIS  PROPINSI UNIT SATUAN KERJA RUANGAN NO ","NAMA BARANG/JENIS BARANG ",": JAWA TIMUR : DINAS KESEHATAN : PUSKESMAS BARUHARJO : RUANG PERTEMUAN ","MARK / MODEL ","NO SERI PABRIK "," BAHAN  "," TAHUN PEMBUATAN / PEMBELIAN  ","NO. KODE BARANG ","JUMLAH BARANG ","HARGA BELI / PEROLEHAN ","KEADAAN BARANG BAIK ( B )","Form : 65/TU/Form/2016 KURANG BAIK ( KB )","RUSAK BERAT ( RB )","KET. ","","","","","","","","","","","",""
"1","2","","3","4","5","6","7","8","9","10","11","12","13","","","","","","","","","","","",""
"1","Meja Rapat ","","",""," Kayu ","2016","","2","","v","","","","","","","","","","","","","","",""
"2","Meja Tamu ","","",""," Campuran  ","1994","","12","","v","","","","","","","","","","","","","","",""
"3","Kursi Besi ","","",""," Campuran  ","2022","","35","","v","","","","","","","","","","","","","","",""
"4","AC ","","",""," Campuran  ","2016","","1","","v","","","","","","","","","","","","","","",""
"","","","","","","","","","","","Trenggalek,     Juli 2022","","","","","","","","","","","","","",""
"","","","","","","","","","","","Pengurus Barang Pembantu","","","","","","","","","","","","","",""
"","","","","","","","","","","","UMI RATNANINGSIH","","","","","","","","","","","","","",""
"","","","","","","","","","","","NIP. 19771110 200903 2 007","","","","","","","","","","","","","",""
